,id,tabuleiro,size,numero_regioes,tamanho_medio_regiao,dificuldade,dicas,tempo,nos_visitados,profundidade_maxima,total_podas,backtracks,resolvido,assign_from_singletons,hidden_single,naked_pairs,hidden_pairs,naked_triples,hidden_triples
6x6_Suguru-257,Suguru-257,6x6,36,8,4.5,1,8,0.0013698300026590005,0,0,34,0,True,23,5,2,4,0,0
6x6_Suguru-896,Suguru-896,6x6,36,8,4.5,1,9,0.0012611540005309507,0,0,31,0,True,24,3,2,2,0,0
6x6_Suguru-914,Suguru-914,6x6,36,8,4.5,1,10,0.0012383909925119951,0,0,30,0,True,23,3,0,4,0,0
6x6_Suguru-1301,Suguru-1301,6x6,36,8,4.5,1,7,0.001466867994167842,0,0,37,0,True,25,4,0,4,4,0
6x6_Suguru-1388,Suguru-1388,6x6,36,8,4.5,1,7,0.0013490420096786693,0,0,38,0,True,22,7,0,5,4,0
6x6_Suguru-1481,Suguru-1481,6x6,36,8,4.5,1,9,0.0012715399934677407,0,0,30,0,True,22,5,2,1,0,0
6x6_Suguru-1589,Suguru-1589,6x6,36,8,4.5,1,8,0.0012351760087767616,0,0,38,0,True,19,9,5,5,0,0
6x6_Suguru-116,Suguru-116,6x6,36,8,4.5,1,8,0.0016390969976782799,0,0,36,0,True,22,6,4,4,0,0
6x6_Suguru-240,Suguru-240,6x6,36,8,4.5,1,8,0.0012781490077031776,0,0,33,0,True,20,8,2,2,1,0
6x6_Suguru-455,Suguru-455,6x6,36,9,4.0,1,7,0.0011549710034159943,0,0,35,0,True,25,4,0,6,0,0
6x6_Suguru-500,Suguru-500,6x6,36,9,4.0,1,7,0.0011726700031431392,0,0,35,0,True,21,8,4,2,0,0
6x6_Suguru-627,Suguru-627,6x6,36,9,4.0,1,8,0.0016010480030672625,0,0,36,0,True,20,8,4,3,1,0
6x6_Suguru-639,Suguru-639,6x6,36,9,4.0,1,6,0.0011081949924118817,0,0,42,0,True,23,7,0,7,5,0
6x6_Suguru-724,Suguru-724,6x6,36,8,4.5,1,6,0.0011429260048316792,0,0,40,0,True,25,5,0,8,2,0
6x6_Suguru-865,Suguru-865,6x6,36,8,4.5,1,7,0.0016998909995891154,0,0,33,0,True,23,6,0,4,0,0
6x6_Suguru-963,Suguru-963,6x6,36,8,4.5,1,9,0.0012405710003804415,0,0,35,0,True,21,6,0,8,0,0
6x6_Suguru-1084,Suguru-1084,6x6,36,8,4.5,1,7,0.001568448991747573,0,0,39,0,True,22,7,5,4,1,0
6x6_Suguru-1165,Suguru-1165,6x6,36,9,4.0,1,7,0.0017419080104446039,0,0,38,0,True,20,9,0,7,2,0
6x6_Suguru-1210,Suguru-1210,6x6,36,9,4.0,1,9,0.0011226219939999282,0,0,39,0,True,22,5,4,7,1,0
6x6_Suguru-1280,Suguru-1280,6x6,36,8,4.5,1,7,0.0013105889956932515,0,0,36,0,True,23,6,0,3,4,0
6x6_Suguru-1561,Suguru-1561,6x6,36,9,4.0,1,6,0.0011665790079860017,0,0,37,0,True,21,9,3,4,0,0
6x6_Suguru-1587,Suguru-1587,6x6,36,8,4.5,1,7,0.0013303330051712692,0,0,32,0,True,25,4,0,3,0,0
6x6_Suguru-45,Suguru-45,6x6,36,8,4.5,1,8,0.0016248739993898198,0,0,31,0,True,21,7,0,3,0,0
6x6_Suguru-102,Suguru-102,6x6,36,8,4.5,1,7,0.001669878009124659,0,0,37,0,True,21,8,5,3,0,0
6x6_Suguru-238,Suguru-238,6x6,36,8,4.5,1,8,0.0022930129925953224,0,0,39,0,True,21,7,0,10,1,0
6x6_Suguru-367,Suguru-367,6x6,36,8,4.5,1,7,0.0016482070059282705,0,0,34,0,True,23,6,0,5,0,0
6x6_Suguru-450,Suguru-450,6x6,36,8,4.5,1,8,0.001514952993602492,0,0,34,0,True,18,10,0,6,0,0
6x6_Suguru-498,Suguru-498,6x6,36,8,4.5,1,9,0.001588825005455874,0,0,36,0,True,21,6,4,5,0,0
6x6_Suguru-506,Suguru-506,6x6,36,9,4.0,1,7,0.0020248829969204962,0,0,34,0,True,20,9,2,1,2,0
6x6_Suguru-532,Suguru-532,6x6,36,8,4.5,1,6,0.0014994359953561798,0,0,35,0,True,22,8,4,1,0,0
6x6_Suguru-541,Suguru-541,6x6,36,8,4.5,1,8,0.0019409859960433096,0,0,34,0,True,20,8,2,3,1,0
6x6_Suguru-544,Suguru-544,6x6,36,8,4.5,1,10,0.0015423439908772707,0,0,33,0,True,23,3,0,6,1,0
6x6_Suguru-651,Suguru-651,6x6,36,8,4.5,1,7,0.0016519509954378009,0,0,37,0,True,22,7,2,5,1,0
6x6_Suguru-675,Suguru-675,6x6,36,8,4.5,1,7,0.0015638930053682998,0,0,33,0,True,24,5,2,2,0,0
6x6_Suguru-797,Suguru-797,6x6,36,8,4.5,1,6,0.0016082069923868403,0,0,36,0,True,22,8,2,4,0,0
6x6_Suguru-803,Suguru-803,6x6,36,8,4.5,1,7,0.002264367009047419,0,0,36,0,True,21,8,0,7,0,0
6x6_Suguru-838,Suguru-838,6x6,36,9,4.0,1,6,0.0024612230045022443,0,0,38,0,True,22,8,2,6,0,0
6x6_Suguru-1157,Suguru-1157,6x6,36,9,4.0,1,5,0.002533927996410057,0,0,39,0,True,24,7,3,5,0,0
6x6_Suguru-1185,Suguru-1185,6x6,36,8,4.5,1,6,0.003170531999785453,0,0,39,0,True,24,6,2,7,0,0
6x6_Suguru-1199,Suguru-1199,6x6,36,8,4.5,1,7,0.002829942008247599,0,0,35,0,True,20,9,4,2,0,0
6x6_Suguru-1234,Suguru-1234,6x6,36,9,4.0,1,6,0.0019548599957488477,0,0,47,0,True,26,4,4,8,5,0
6x6_Suguru-1300,Suguru-1300,6x6,36,9,4.0,1,8,0.0026335420116083696,0,0,40,0,True,21,7,4,8,0,0
6x6_Suguru-1339,Suguru-1339,6x6,36,8,4.5,1,7,0.0025219919916708022,0,0,35,0,True,23,6,0,6,0,0
6x6_Suguru-1346,Suguru-1346,6x6,36,9,4.0,1,6,0.002903154003433883,0,0,40,0,True,23,7,4,6,0,0
6x6_Suguru-1408,Suguru-1408,6x6,36,8,4.5,1,9,0.002161465003155172,0,0,37,0,True,24,3,4,3,3,0
6x6_Suguru-1420,Suguru-1420,6x6,36,8,4.5,1,6,0.0020379049965413287,0,0,36,0,True,23,7,2,4,0,0
6x6_Suguru-1476,Suguru-1476,6x6,36,8,4.5,1,7,0.0016675059887347743,0,0,37,0,True,23,6,2,6,0,0
6x6_Suguru-1527,Suguru-1527,6x6,36,8,4.5,1,6,0.0020632000087061897,0,0,40,0,True,22,8,6,4,0,0
6x6_Suguru-1530,Suguru-1530,6x6,36,9,4.0,1,7,0.0023679529986111447,0,0,36,0,True,23,6,0,6,1,0
6x6_Suguru-13,Suguru-13,6x6,36,8,4.5,1,7,0.003545592990121804,0,0,35,0,True,19,10,0,5,1,0
8x8_Suguru-89,Suguru-89,8x8,64,14,4.571428571428571,1,12,0.002004105001105927,0,0,58,0,True,42,10,0,4,2,0
8x8_Suguru-823,Suguru-823,8x8,64,14,4.571428571428571,1,15,0.0032232929952442646,0,0,64,0,True,39,10,4,9,2,0
8x8_Suguru-871,Suguru-871,8x8,64,14,4.571428571428571,1,11,0.003180982996127568,0,0,67,0,True,45,8,3,9,2,0
8x8_Suguru-759,Suguru-759,8x8,64,15,4.266666666666667,1,9,0.0038174259971128777,0,0,74,0,True,43,12,6,13,0,0
8x8_Suguru-322,Suguru-322,8x8,64,15,4.266666666666667,1,10,0.0043733750062529,0,0,70,0,True,37,17,7,8,1,0
8x8_Suguru-1177,Suguru-1177,8x8,64,14,4.571428571428571,2,13,0.007088971993653104,2,1,73,0,True,41,12,5,11,4,0
8x8_Suguru-398,Suguru-398,8x8,64,14,4.571428571428571,2,12,0.005178237988729961,1,1,60,0,True,41,9,0,8,2,0
8x8_Suguru-807,Suguru-807,8x8,64,15,4.266666666666667,2,9,0.02580676000798121,7,3,166,2,True,95,30,16,17,8,0
8x8_Suguru-958,Suguru-958,8x8,64,14,4.571428571428571,2,11,0.015227180003421381,7,4,69,0,True,50,9,3,5,2,0
8x8_Suguru-1380,Suguru-1380,8x8,64,15,4.266666666666667,2,8,0.02217701899644453,9,5,123,0,True,80,20,6,13,4,0
8x8_Suguru-1397,Suguru-1397,8x8,64,14,4.571428571428571,2,14,0.009385547993588261,4,1,71,0,True,45,14,0,12,0,0
8x8_Suguru-1432,Suguru-1432,8x8,64,13,4.923076923076923,1,14,0.005352066000341438,0,0,61,0,True,38,12,3,7,1,0
8x8_Suguru-349,Suguru-349,8x8,64,14,4.571428571428571,2,13,0.029213246001745574,11,6,122,3,True,78,22,4,16,2,0
8x8_Suguru-952,Suguru-952,8x8,64,15,4.266666666666667,2,12,0.00673817700590007,2,1,84,0,True,52,9,14,9,0,0
8x8_Suguru-1122,Suguru-1122,8x8,64,14,4.571428571428571,2,11,0.004970682988641784,1,1,71,0,True,42,9,5,12,3,0
8x8_Suguru-30,Suguru-30,8x8,64,14,4.571428571428571,2,12,0.006774481997126713,1,1,63,0,True,37,13,7,5,1,0
8x8_Suguru-158,Suguru-158,8x8,64,15,4.266666666666667,2,9,0.0052979209867771715,1,1,64,0,True,39,14,2,9,0,0
8x8_Suguru-199,Suguru-199,8x8,64,13,4.923076923076923,2,14,0.07128140900749713,22,7,424,11,True,203,46,108,47,20,0
8x8_Suguru-493,Suguru-493,8x8,64,15,4.266666666666667,2,7,0.012091841999790631,3,3,60,0,True,40,10,3,7,0,0
8x8_Suguru-531,Suguru-531,8x8,64,14,4.571428571428571,2,11,0.012250564992427826,4,3,85,0,True,54,14,5,10,2,0
8x8_Suguru-618,Suguru-618,8x8,64,13,4.923076923076923,2,13,0.005699906992958859,1,1,69,0,True,44,5,5,13,2,0
8x8_Suguru-752,Suguru-752,8x8,64,15,4.266666666666667,2,7,0.06287995500315446,29,5,519,9,True,363,87,14,51,4,0
8x8_Suguru-774,Suguru-774,8x8,64,15,4.266666666666667,2,7,0.007800157996825874,2,1,109,0,True,66,25,7,8,3,0
8x8_Suguru-906,Suguru-906,8x8,64,14,4.571428571428571,2,10,0.007128798999474384,1,1,62,0,True,41,11,4,6,0,0
8x8_Suguru-1208,Suguru-1208,8x8,64,14,4.571428571428571,2,9,0.01827768598741386,8,4,69,0,True,51,13,0,3,2,0
8x8_Suguru-1271,Suguru-1271,8x8,64,13,4.923076923076923,2,11,0.008621133005362935,1,1,69,0,True,38,13,4,12,2,0
8x8_Suguru-1297,Suguru-1297,8x8,64,14,4.571428571428571,2,10,0.01043126500735525,3,2,57,0,True,46,7,0,3,1,0
8x8_Suguru-21,Suguru-21,8x8,64,14,4.571428571428571,2,10,0.01740431100188289,7,2,147,0,True,100,17,4,25,1,0
8x8_Suguru-112,Suguru-112,8x8,64,14,4.571428571428571,2,8,0.012883589995908551,4,2,94,0,True,57,17,5,15,0,0
8x8_Suguru-834,Suguru-834,8x8,64,13,4.923076923076923,2,15,0.044569580000825226,13,5,369,6,True,216,52,60,30,11,0
8x8_Suguru-888,Suguru-888,8x8,64,14,4.571428571428571,2,12,0.00808555498952046,3,2,65,0,True,38,12,6,8,1,0
8x8_Suguru-1381,Suguru-1381,8x8,64,14,4.571428571428571,3,11,0.009904575999826193,3,1,94,0,True,51,23,2,16,2,0
8x8_Suguru-148,Suguru-148,8x8,64,14,4.571428571428571,2,12,0.007782001004670747,3,3,53,0,True,34,11,5,3,0,0
8x8_Suguru-496,Suguru-496,8x8,64,13,4.923076923076923,3,12,0.0076208730024518445,2,1,75,0,True,44,10,10,7,4,0
8x8_Suguru-725,Suguru-725,8x8,64,15,4.266666666666667,2,8,0.016798525000922382,6,4,125,0,True,70,21,18,9,7,0
8x8_Suguru-1142,Suguru-1142,8x8,64,13,4.923076923076923,2,12,0.0453642869979376,16,6,180,4,True,114,39,8,10,9,0
8x8_Suguru-1386,Suguru-1386,8x8,64,14,4.571428571428571,2,8,0.01222814699576702,5,3,78,0,True,42,17,2,10,7,0
8x8_Suguru-1456,Suguru-1456,8x8,64,15,4.266666666666667,3,13,0.012558996997540817,5,4,60,0,True,33,14,5,6,2,0
8x8_Suguru-1562,Suguru-1562,8x8,64,14,4.571428571428571,2,9,0.03948023899283726,15,7,214,3,True,134,39,10,29,2,0
8x8_Suguru-51,Suguru-51,8x8,64,15,4.266666666666667,2,6,0.018165946996305138,7,5,109,0,True,60,24,6,14,5,0
8x8_Suguru-259,Suguru-259,8x8,64,13,4.923076923076923,3,11,0.008631276999949478,2,1,70,0,True,37,16,3,13,1,0
8x8_Suguru-292,Suguru-292,8x8,64,14,4.571428571428571,2,10,0.08770961800473742,20,7,732,11,True,503,78,25,90,36,0
8x8_Suguru-461,Suguru-461,8x8,64,15,4.266666666666667,2,11,0.011351594002917409,4,3,88,0,True,57,15,3,11,2,0
8x8_Suguru-586,Suguru-586,8x8,64,14,4.571428571428571,2,9,0.05882195199956186,21,9,208,8,True,151,29,6,15,7,0
8x8_Suguru-771,Suguru-771,8x8,64,15,4.266666666666667,2,7,0.00852201999805402,3,3,64,0,True,38,12,2,10,2,0
8x8_Suguru-890,Suguru-890,8x8,64,15,4.266666666666667,2,9,0.012307090990361758,4,4,59,0,True,37,10,4,8,0,0
8x8_Suguru-1119,Suguru-1119,8x8,64,14,4.571428571428571,3,13,0.01596348600287456,6,4,99,0,True,66,10,6,11,6,0
8x8_Suguru-1160,Suguru-1160,8x8,64,14,4.571428571428571,2,7,0.022053592998418026,10,5,99,0,True,61,10,14,7,7,0
8x8_Suguru-1452,Suguru-1452,8x8,64,14,4.571428571428571,2,9,0.020203478008625098,8,4,97,0,True,65,10,6,10,6,0
8x8_Suguru-1490,Suguru-1490,8x8,64,13,4.923076923076923,2,15,0.007498551000026055,2,1,76,0,True,48,15,2,11,0,0
15x10n=6_Suguru-487,Suguru-487,15x10n=6,150,25,6.0,3,49,0.03912948600191157,4,3,130,0,True,81,18,6,21,4,0
15x10n=6_Suguru-15,Suguru-15,15x10n=6,150,27,5.555555555555555,2,41,0.07419880099769216,10,5,143,1,True,89,24,4,25,1,0
15x10n=6_Suguru-456,Suguru-456,15x10n=6,150,27,5.555555555555555,2,41,0.07385376200545579,8,4,197,1,True,110,36,7,39,5,0
15x10n=6_Suguru-525,Suguru-525,15x10n=6,150,26,5.769230769230769,3,47,1.2302900119975675,119,7,3979,52,True,1991,377,620,613,378,0
15x10n=6_Suguru-679,Suguru-679,15x10n=6,150,27,5.555555555555555,3,43,0.17458401899784803,29,13,342,2,True,178,54,28,65,17,0
15x10n=6_Suguru-775,Suguru-775,15x10n=6,150,27,5.555555555555555,3,38,0.15565465699182823,24,10,305,3,True,133,48,83,28,13,0
15x10n=6_Suguru-26,Suguru-26,15x10n=6,150,26,5.769230769230769,3,45,0.07888257400190923,11,8,221,0,True,129,33,11,31,17,0
15x10n=6_Suguru-332,Suguru-332,15x10n=6,150,26,5.769230769230769,3,41,3.183872841997072,384,9,8619,217,True,4875,971,832,1365,576,0
15x10n=6_Suguru-592,Suguru-592,15x10n=6,150,26,5.769230769230769,3,45,0.10279006900964305,14,6,231,2,True,136,39,11,29,16,0
15x10n=6_Suguru-399,Suguru-399,15x10n=6,150,27,5.555555555555555,3,49,0.04574276600033045,6,4,164,0,True,90,26,23,17,8,0
15x10n=6_Suguru-458,Suguru-458,15x10n=6,150,28,5.357142857142857,3,39,0.09438316999876406,13,11,148,2,True,78,35,17,13,5,0
15x10n=6_Suguru-567,Suguru-567,15x10n=6,150,27,5.555555555555555,3,41,0.6611993350088596,86,13,1091,35,True,610,141,43,149,148,0
15x10n=6_Suguru-693,Suguru-693,15x10n=6,150,26,5.769230769230769,3,47,0.0712149899918586,11,10,116,0,True,62,24,8,10,12,0
15x10n=6_Suguru-314,Suguru-314,15x10n=6,150,27,5.555555555555555,3,42,0.21131238399539143,35,9,366,9,True,196,81,34,41,14,0
15x10n=6_Suguru-512,Suguru-512,15x10n=6,150,26,5.769230769230769,3,47,0.3283842410019133,49,12,548,14,True,317,76,98,48,9,0
15x10n=6_Suguru-722,Suguru-722,15x10n=6,150,27,5.555555555555555,2,43,0.12184833000355866,11,4,483,3,True,252,68,55,91,17,0
15x10n=6_Suguru-21,Suguru-21,15x10n=6,150,28,5.357142857142857,2,40,0.17947459699644241,27,11,303,6,True,180,40,51,31,1,0
15x10n=6_Suguru-91,Suguru-91,15x10n=6,150,27,5.555555555555555,3,40,0.14233211900864262,19,11,237,0,True,152,28,14,35,8,0
15x10n=6_Suguru-123,Suguru-123,15x10n=6,150,27,5.555555555555555,3,40,0.5334933470003307,69,12,1161,30,True,729,156,112,103,61,0
15x10n=6_Suguru-620,Suguru-620,15x10n=6,150,27,5.555555555555555,3,40,0.07725945899437647,9,6,211,0,True,120,34,23,28,6,0
15x10n=6_Suguru-629,Suguru-629,15x10n=6,150,27,5.555555555555555,2,43,0.08520905800105538,11,5,152,3,True,103,29,4,15,1,0
15x10n=6_Suguru-733,Suguru-733,15x10n=6,150,26,5.769230769230769,3,44,0.21928972098976374,29,8,375,9,True,214,62,36,49,14,0
15x10n=6_Suguru-794,Suguru-794,15x10n=6,150,27,5.555555555555555,3,43,0.07736502900661435,11,7,197,1,True,93,31,32,20,21,0
15x10n=6_Suguru-95,Suguru-95,15x10n=6,150,26,5.769230769230769,3,44,0.08434714899340179,13,8,147,0,True,82,21,4,38,2,0
15x10n=6_Suguru-140,Suguru-140,15x10n=6,150,27,5.555555555555555,3,42,4.0916349760082085,558,14,8634,255,True,5501,928,761,972,472,0
15x10n=6_Suguru-290,Suguru-290,15x10n=6,150,27,5.555555555555555,3,44,0.2979224279988557,45,10,539,17,True,231,88,157,59,4,0
15x10n=6_Suguru-660,Suguru-660,15x10n=6,150,26,5.769230769230769,3,43,0.6746433119988069,99,10,1045,31,True,726,81,67,120,51,0
15x10n=6_Suguru-675,Suguru-675,15x10n=6,150,28,5.357142857142857,3,44,0.06061112399038393,8,5,173,0,True,101,32,4,19,17,0
15x10n=6_Suguru-742,Suguru-742,15x10n=6,150,26,5.769230769230769,3,44,0.6773116410040529,99,13,723,42,True,454,134,16,92,27,0
15x10n=6_Suguru-799,Suguru-799,15x10n=6,150,26,5.769230769230769,3,49,0.07550608000019565,10,7,135,0,True,80,29,12,13,1,0
15x10n=6_Suguru-149,Suguru-149,15x10n=6,150,27,5.555555555555555,3,49,0.11995180600206368,15,9,310,1,True,183,62,23,33,9,0
15x10n=6_Suguru-338,Suguru-338,15x10n=6,150,26,5.769230769230769,2,38,0.18357220399775542,23,9,356,3,True,217,59,23,42,15,0
15x10n=6_Suguru-343,Suguru-343,15x10n=6,150,27,5.555555555555555,3,40,0.7734030959982192,114,10,1740,59,True,514,106,1015,77,28,0
15x10n=6_Suguru-413,Suguru-413,15x10n=6,150,26,5.769230769230769,3,48,0.08456167099939194,13,10,205,0,True,120,27,20,19,19,0
15x10n=6_Suguru-481,Suguru-481,15x10n=6,150,27,5.555555555555555,3,38,0.4542121410049731,60,14,783,22,True,499,105,29,100,50,0
15x10n=6_Suguru-649,Suguru-649,15x10n=6,150,26,5.769230769230769,2,39,0.15475878199504223,22,12,352,3,True,123,43,134,48,4,0
15x10n=6_Suguru-690,Suguru-690,15x10n=6,150,26,5.769230769230769,3,44,1.038733866007533,128,11,2030,63,True,1126,296,137,382,89,0
15x10n=6_Suguru-59,Suguru-59,15x10n=6,150,26,5.769230769230769,3,48,0.20447275499464013,26,10,483,4,True,265,63,62,80,13,0
15x10n=6_Suguru-189,Suguru-189,15x10n=6,150,27,5.555555555555555,3,43,0.126595890003955,19,12,186,1,True,104,40,14,16,12,0
15x10n=6_Suguru-202,Suguru-202,15x10n=6,150,27,5.555555555555555,3,42,0.09065018298861105,15,8,201,1,True,107,38,4,13,39,0
15x10n=6_Suguru-744,Suguru-744,15x10n=6,150,26,5.769230769230769,3,45,0.7307857340056216,91,11,1395,39,True,661,168,177,232,157,0
15x10n=6_Suguru-746,Suguru-746,15x10n=6,150,27,5.555555555555555,3,41,0.14001183900109027,19,10,282,4,True,119,36,74,51,2,0
15x10n=6_Suguru-16,Suguru-16,15x10n=6,150,27,5.555555555555555,3,42,0.08888670499436557,11,6,179,0,True,100,33,8,31,7,0
15x10n=6_Suguru-24,Suguru-24,15x10n=6,150,26,5.769230769230769,3,45,2.5181678799999645,302,11,8265,126,True,3967,800,1675,1177,646,0
15x10n=6_Suguru-35,Suguru-35,15x10n=6,150,25,6.0,3,48,1.685152650999953,167,12,2974,135,True,1664,378,252,466,214,0
15x10n=6_Suguru-87,Suguru-87,15x10n=6,150,28,5.357142857142857,3,36,0.6712936139956582,69,9,1479,26,True,960,191,61,188,79,0
15x10n=6_Suguru-98,Suguru-98,15x10n=6,150,26,5.769230769230769,3,41,0.15370627200172748,22,9,249,3,True,139,49,14,34,13,0
15x10n=6_Suguru-139,Suguru-139,15x10n=6,150,26,5.769230769230769,3,41,0.7317619160021422,76,11,1828,37,True,999,180,342,216,91,0
15x10n=6_Suguru-187,Suguru-187,15x10n=6,150,26,5.769230769230769,3,44,0.5940850799961481,87,10,658,48,True,386,122,57,79,14,0
15x10n=6_Suguru-483,Suguru-483,15x10n=6,150,26,5.769230769230769,3,39,0.36127437799586914,43,12,1144,12,True,564,183,234,113,50,0
15x10_Suguru-741,Suguru-741,15x10,150,33,4.545454545454546,3,19,0.3985436560033122,56,13,1324,33,True,734,175,160,189,66,0
15x10_Suguru-762,Suguru-762,15x10,150,32,4.6875,3,21,1.5060049029998481,165,11,7524,78,True,4086,1001,501,1319,617,0
15x10_Suguru-299,Suguru-299,15x10,150,32,4.6875,3,17,0.28171111800475046,55,9,434,21,True,213,118,28,39,36,0
15x10_Suguru-323,Suguru-323,15x10,150,32,4.6875,3,16,5.905689922001329,715,16,17383,360,True,9235,2558,2323,1469,1798,0
15x10_Suguru-625,Suguru-625,15x10,150,32,4.6875,3,16,2.4223677630070597,356,18,4807,178,True,2473,308,516,1145,365,0
15x10_Suguru-660,Suguru-660,15x10,150,32,4.6875,3,20,0.21259049698710442,34,17,673,4,True,372,125,52,77,47,0
15x10_Suguru-771,Suguru-771,15x10,150,32,4.6875,3,18,0.15353043799404986,25,15,409,2,True,207,57,78,41,26,0
15x10_Suguru-204,Suguru-204,15x10,150,31,4.838709677419355,3,19,0.14421851000224706,24,11,410,3,True,235,61,40,56,18,0
15x10_Suguru-415,Suguru-415,15x10,150,32,4.6875,3,18,0.1176987960061524,17,11,277,1,True,140,41,45,42,9,0
15x10_Suguru-60,Suguru-60,15x10,150,32,4.6875,3,13,1.5672818680031924,188,14,5814,97,True,3408,821,461,808,316,0
15x10_Suguru-110,Suguru-110,15x10,150,34,4.411764705882353,3,16,0.4323061159957433,81,16,879,28,True,518,115,91,102,53,0
15x10_Suguru-574,Suguru-574,15x10,150,31,4.838709677419355,3,24,0.47375769399513956,58,13,1638,23,True,941,261,206,184,46,0
15x10_Suguru-185,Suguru-185,15x10,150,32,4.6875,3,20,0.7774178819963709,111,14,2101,64,True,1142,334,249,283,93,0
15x10_Suguru-604,Suguru-604,15x10,150,32,4.6875,3,14,3.0625311409967253,318,11,11067,167,True,6116,1562,848,1293,1248,0
15x10_Suguru-752,Suguru-752,15x10,150,33,4.545454545454546,3,21,0.42235811401042156,64,17,1181,24,True,668,193,154,131,35,0
15x10_Suguru-181,Suguru-181,15x10,150,33,4.545454545454546,3,19,0.5640339270030381,79,15,974,31,True,523,189,91,141,30,0
15x10_Suguru-579,Suguru-579,15x10,150,33,4.545454545454546,3,17,0.3149202289932873,52,13,694,20,True,434,99,50,78,33,0
15x10_Suguru-774,Suguru-774,15x10,150,33,4.545454545454546,3,19,0.25909197799046524,31,14,729,15,True,410,117,82,76,44,0
15x10_Suguru-143,Suguru-143,15x10,150,31,4.838709677419355,3,22,11.766447237998364,1917,18,33594,889,True,18811,3983,5897,4149,754,0
15x10_Suguru-220,Suguru-220,15x10,150,34,4.411764705882353,3,17,0.5800551489955978,81,16,1694,38,True,1009,265,218,151,51,0
15x10_Suguru-257,Suguru-257,15x10,150,32,4.6875,2,15,0.2519880309992004,42,18,448,10,True,240,71,77,52,8,0
15x10_Suguru-276,Suguru-276,15x10,150,31,4.838709677419355,3,20,0.4665681920014322,60,13,1399,27,True,813,197,164,192,33,0
15x10_Suguru-490,Suguru-490,15x10,150,32,4.6875,4,17,0.12066144699929282,19,14,192,1,True,120,33,14,24,1,0
15x10_Suguru-715,Suguru-715,15x10,150,32,4.6875,4,20,0.27893496700562537,46,13,661,12,True,401,89,33,119,19,0
15x10_Suguru-98,Suguru-98,15x10,150,34,4.411764705882353,3,14,0.7114084569911938,91,16,2082,37,True,1039,327,224,321,171,0
15x10_Suguru-796,Suguru-796,15x10,150,31,4.838709677419355,3,21,0.12130724499002099,15,7,356,2,True,223,54,17,51,11,0
15x10_Suguru-238,Suguru-238,15x10,150,32,4.6875,3,17,4.425966433002031,541,20,18722,263,True,10737,2451,1621,2691,1222,0
15x10_Suguru-665,Suguru-665,15x10,150,33,4.545454545454546,3,23,0.2902372879907489,51,17,506,15,True,296,58,68,63,21,0
15x10_Suguru-689,Suguru-689,15x10,150,31,4.838709677419355,3,19,1.0876303480035858,134,18,2672,72,True,1486,376,382,341,87,0
15x10_Suguru-321,Suguru-321,15x10,150,33,4.545454545454546,3,21,0.631147237989353,85,11,2314,44,True,1431,267,206,255,155,0
15x10_Suguru-375,Suguru-375,15x10,150,31,4.838709677419355,3,23,4.463127302005887,559,14,24920,318,True,13211,2659,5639,2694,717,0
15x10_Suguru-100,Suguru-100,15x10,150,32,4.6875,3,14,1.273200627998449,113,17,5277,59,True,2806,798,495,651,527,0
15x10_Suguru-521,Suguru-521,15x10,150,31,4.838709677419355,3,22,2.325923397002043,264,19,7065,152,True,3530,719,1114,1303,399,0
15x10_Suguru-572,Suguru-572,15x10,150,31,4.838709677419355,3,18,2.1894607779977378,261,15,8318,132,True,4649,1029,940,1142,558,0
15x10_Suguru-726,Suguru-726,15x10,150,33,4.545454545454546,3,15,0.5356046270026127,67,19,1946,22,True,1070,232,260,231,153,0
15x10_Suguru-534,Suguru-534,15x10,150,32,4.6875,3,15,0.5649744889960857,70,16,1442,25,True,882,251,126,113,70,0
15x10_Suguru-117,Suguru-117,15x10,150,31,4.838709677419355,3,18,0.5292277219996322,73,14,1379,21,True,831,203,95,185,65,0
15x10_Suguru-300,Suguru-300,15x10,150,32,4.6875,3,15,0.6697490600054152,84,15,2352,39,True,1297,275,373,350,57,0
15x10_Suguru-555,Suguru-555,15x10,150,31,4.838709677419355,3,16,0.18515434900473338,29,16,335,2,True,169,51,21,61,33,0
15x10_Suguru-609,Suguru-609,15x10,150,32,4.6875,4,20,2.6744674349902198,290,16,12216,161,True,6548,1704,1766,1456,742,0
15x10_Suguru-252,Suguru-252,15x10,150,33,4.545454545454546,3,17,0.13562889499007724,19,9,383,1,True,208,58,46,52,19,0
15x10_Suguru-366,Suguru-366,15x10,150,31,4.838709677419355,3,19,2.5568440680071944,361,15,6214,181,True,3552,1123,606,750,183,0
15x10_Suguru-241,Suguru-241,15x10,150,31,4.838709677419355,4,21,0.097726314997999,12,6,366,3,True,219,66,22,29,30,0
15x10_Suguru-256,Suguru-256,15x10,150,32,4.6875,3,21,0.22612270100216847,39,14,627,10,True,371,79,82,68,27,0
15x10_Suguru-524,Suguru-524,15x10,150,31,4.838709677419355,3,16,0.2921755569986999,38,13,976,6,True,534,155,107,121,59,0
15x10_Suguru-553,Suguru-553,15x10,150,32,4.6875,3,15,14.78159887700167,1694,17,54786,868,True,27984,9367,5186,7294,4955,0
15x10_Suguru-643,Suguru-643,15x10,150,32,4.6875,3,20,0.21847873501246795,29,14,751,4,True,403,93,61,133,61,0
15x10_Suguru-705,Suguru-705,15x10,150,32,4.6875,3,13,0.12842137599363923,17,13,193,0,True,119,37,9,19,9,0
15x10_Suguru-79,Suguru-79,15x10,150,32,4.6875,3,18,0.7022430179931689,89,17,1541,43,True,982,173,67,189,130,0
15x10_Suguru-417,Suguru-417,15x10,150,31,4.838709677419355,3,17,0.17160449399671052,23,14,443,3,True,235,64,56,66,22,0
